{"essentia":{"mean":12.1289471238,"moe":0.03387643592148105,"rme":0.27930236298093086,"sem":0.012203327061052252,"deviation":0.02728746886017556,"variance":0.0007446059567950509,"execution times":[12.098021992,12.168926145,12.117204937,12.118411763,12.142170782],"cycle":12.1289471238,"elapsed":121.454,"period":12.1289471238,"timeStamp":1589529277099,"count":1,"cycles":1,"hz":0.08244738721283995}}