{"meyda":{"mean":2.049793848666667,"moe":0.06071226232232224,"rme":2.9618716224470014,"sem":0.023614259946449723,"deviation":0.05784288752224423,"variance":0.003345799636910997,"execution times":[2.11379027,2.069374725,2.087847929,2.069474576,1.993801457,1.9644741350000001],"cycle":2.049793848666667,"elapsed":24.852,"period":2.049793848666667,"timeStamp":1589523440447,"count":1,"cycles":1,"hz":0.48785393743398725},"essentia":{"mean":3.8253084142000007,"moe":0.04148196287932666,"rme":1.0844083244462241,"sem":0.014943070201486549,"deviation":0.0334137207630754,"variance":0.0011164767352327763,"execution times":[3.8457964049999998,3.858260188,3.774490171,3.810315553,3.837679754],"cycle":3.8253084142000007,"elapsed":38.306,"period":3.8253084142000007,"timeStamp":1589523465306,"count":1,"cycles":1,"hz":0.2614168301535847}}