{"essentia":{"mean":0.6792249298749999,"moe":0.01700571154843288,"rme":2.503693666185441,"sem":0.0071905757075826126,"deviation":0.020338019373867693,"variance":0.00041363503205181767,"execution times":[0.650989969,0.675411257,0.672972705,0.661923984,0.675277099,0.701510086,0.681444662,0.714269677],"cycle":0.6792249298749999,"elapsed":11.036,"period":0.6792249298749999,"timeStamp":1589524030130,"count":1,"cycles":1,"hz":1.4722663377270817}}