{"essentia":{"mean":1.180975584142857,"moe":0.01677453415365133,"rme":1.4203963552579417,"sem":0.006855142686412475,"deviation":0.018137002750110646,"variance":0.00032895086875752116,"execution times":[1.172240861,1.201704274,1.205191222,1.1830187620000001,1.155559269,1.165932299,1.183182402],"cycle":1.180975584142857,"elapsed":16.834,"period":1.180975584142857,"timeStamp":1589524577646,"count":1,"cycles":1,"hz":0.8467575565720034}}