{"essentia":{"mean":26.603261574999998,"moe":1.084583621060016,"rme":4.076882144703778,"sem":0.3907001516786801,"deviation":0.8736320979730073,"variance":0.7632330426087183,"execution times":[27.985039745999998,26.906620908,26.282115732,26.016720167,25.825811322],"cycle":26.603261574999998,"elapsed":266.507,"period":26.603261574999998,"timeStamp":1589529567430,"count":1,"cycles":1,"hz":0.03758937591846762}}