{"meyda":{"mean":1.105754367,"moe":0.02430617239823315,"rme":2.1981529644940707,"sem":0.009933049611047465,"deviation":0.026280379031298456,"variance":0.0006906583220287116,"execution times":[1.096878528,1.090197955,1.091905615,1.070723354,1.138793982,1.11005298,1.141728155]},"essentia":{"mean":2.5190600184,"moe":0.048105321562391654,"rme":1.9096536490204832,"sem":0.017329006326509962,"deviation":0.038748836128600195,"variance":0.0015014723013211117,"execution times":[2.572525981,2.545145658,2.478818963,2.493288481,2.5055210089999997]}}