{"essentia":{"mean":5.33416053,"moe":0.09957774872739039,"rme":1.8667932501722138,"sem":0.035870946947907205,"deviation":0.08020987579280912,"variance":0.006433624174697867,"execution times":[5.446303178,5.324899527,5.369118173,5.230956155,5.2995256170000005],"cycle":5.33416053,"elapsed":53.524,"period":5.33416053,"timeStamp":1589525003639,"count":1,"cycles":1,"hz":0.18747092337695356}}