{"essentia":{"mean":0.7299947385000001,"moe":0.018435516605105014,"rme":2.5254314357095895,"sem":0.007795144441904867,"deviation":0.02204799798079823,"variance":0.0004861142149612829,"execution times":[0.696157565,0.704065976,0.714764607,0.741522853,0.74696982,0.755586783,0.735006323,0.745883981],"cycle":0.7299947385000001,"elapsed":11.847,"period":0.7299947385000001,"timeStamp":1589524275229,"count":1,"cycles":1,"hz":1.3698728871043773}}